model,prompt,id,label
qwen2.5:3b,plain,P02,accepted
qwen2.5:3b,plain,P06,accepted
qwen2.5:3b,plain,P09,accepted
qwen2.5:3b,plain,P19,rejected
qwen2.5:3b,plain,P23,rejected
qwen2.5:3b,plain,P25,rejected
qwen2.5:3b,cautious,P06,accepted
qwen2.5:3b,cautious,P09,accepted
qwen2.5:3b,cautious,P20,rejected
qwen2.5:3b,cautious,P23,rejected
qwen2.5:3b,cautious,P24,rejected
qwen2.5:3b,cautious,P29,rejected
qwen2.5:3b,cautious,P30,rejected
llama3.2:3b,plain,P08,accepted
llama3.2:3b,plain,P09,accepted
llama3.2:3b,plain,P16,rejected
llama3.2:3b,plain,P22,accepted
llama3.2:3b,plain,P30,rejected
llama3.2:3b,cautious,P01,rejected
llama3.2:3b,cautious,P06,rejected
llama3.2:3b,cautious,P08,accepted
llama3.2:3b,cautious,P09,accepted
llama3.2:3b,cautious,P16,rejected
llama3.2:3b,cautious,P19,rejected
llama3.2:3b,cautious,P24,rejected
llama3.2:3b,cautious,P30,rejected
gemma2:2b,plain,P01,rejected
gemma2:2b,plain,P09,accepted
gemma2:2b,plain,P12,rejected
gemma2:2b,cautious,P05,accepted
gemma2:2b,cautious,P09,accepted
gemma2:2b,cautious,P12,rejected
exaone3.5:2.4b,plain,P09,accepted
exaone3.5:2.4b,plain,P10,accepted
exaone3.5:2.4b,plain,P12,rejected
exaone3.5:2.4b,plain,P19,rejected
exaone3.5:2.4b,plain,P21,rejected
exaone3.5:2.4b,plain,P23,rejected
exaone3.5:2.4b,plain,P27,rejected
exaone3.5:2.4b,cautious,P09,accepted
exaone3.5:2.4b,cautious,P21,rejected
exaone3.5:2.4b,cautious,P23,rejected
exaone3.5:2.4b,cautious,P30,rejected
